{
    "System Architecture": [
        {
            "theme": "高可用性設計 (RTO/RPO)",
            "question": "RTO（目標復旧時間）とRPO（目標復旧時点）の違いについて、それぞれの定義を明確にした上で、これらを短縮しようとした場合にシステム構成や運用コストにどのような影響が出るか、具体的に記述せよ。"
        },
        {
            "theme": "クラウド移行 (IaaS/PaaS/SaaS)",
            "question": "オンプレミス環境からクラウド環境への移行を検討する際、IaaS、PaaS、SaaSのそれぞれの特徴を考慮し、既存システムの改修コストを最小限に抑える場合と、運用負荷を最小限に抑える場合のそれぞれに適したサービスモデルはどれか。理由とともに記述せよ。"
        }
    ],
    "Network": [
        {
            "theme": "SD-WAN",
            "question": "SD-WAN（Software-Defined WAN）を導入することによって、従来のVPNや専用線を用いた拠点間通信と比較して、どのようなメリットが得られるか。トラフィック制御と運用の観点から記述せよ。"
        }
    ],
    "Information Security": [
        {
            "theme": "ゼロトラストセキュリティ",
            "question": "境界型防御に対する「ゼロトラストセキュリティ」の考え方の基本的な特徴を3つ挙げ、それぞれについて簡潔に説明せよ。"
        },
        {
            "theme": "インシデント対応",
            "question": "情報セキュリティインシデントが発生した際の初動対応として、被害の拡大を防ぐために優先して実施すべきアクションを2つ挙げ、その理由を記述せよ。"
        }
    ],
    "Project Management": [
        {
            "theme": "EVM (Earned Value Management)",
            "question": "EVMにおいて、SPI（スケジュール効率指数）とCPI（コスト効率指数）が共に1.0を下回っている場合、プロジェクトはどのような状態にあると判断できるか。また、その状態を解消するためにPMが取るべき対策の例を記述せよ。"
        }
    ],
    "IT Service Management": [
        {
            "theme": "SLA (Service Level Agreement)",
            "question": "SLA（サービスレベル合意書）を締結する際、サービス提供者と顧客の間で合意すべき項目のうち、サービスの品質を定量的に評価するために重要な指標を2つ挙げ、それぞれの指標が何を測定するものか記述せよ。"
        }
    ]
}